fips,state,county,start_year,end_year
06001,CA,Alameda County,2004,2019
06013,CA,Contra Costa County,2004,2019
06075,CA,San Francisco County,2004,2019
08001,CO,Adams County,2004,2019
08005,CO,Arapahoe County,2004,2019
08013,CO,Boulder County,2004,2019
08014,CO,Broomfield County,2004,2019
08031,CO,Denver County,2004,2019
08035,CO,Douglas County,2004,2019
08059,CO,Jefferson County,2004,2019
09001,CT,Fairfield County,2004,2019
09003,CT,Hartford County,2004,2019
09005,CT,Litchfield County,2004,2019
09007,CT,Middlesex County,2004,2019
09009,CT,New Haven County,2004,2019
09011,CT,New London County,2004,2019
09013,CT,Tolland County,2004,2019
09015,CT,Windham County,2004,2019
13001,GA,Appling County,2004,2019
13003,GA,Atkinson County,2004,2019
13005,GA,Bacon County,2004,2019
13007,GA,Baker County,2004,2019
13009,GA,Baldwin County,2004,2019
13011,GA,Banks County,2004,2019
13013,GA,Barrow County,2004,2019
13015,GA,Bartow County,2004,2019
13017,GA,Ben Hill County,2004,2019
13019,GA,Berrien County,2004,2019
13021,GA,Bibb County,2004,2019
13023,GA,Bleckley County,2004,2019
13025,GA,Brantley County,2004,2019
13027,GA,Brooks County,2004,2019
13029,GA,Bryan County,2004,2019
13031,GA,Bulloch County,2004,2019
13033,GA,Burke County,2004,2019
13035,GA,Butts County,2004,2019
13037,GA,Calhoun County,2004,2019
13039,GA,Camden County,2004,2019
13043,GA,Candler County,2004,2019
13045,GA,Carroll County,2004,2019
13047,GA,Catoosa County,2004,2019
13049,GA,Charlton County,2004,2019
13051,GA,Chatham County,2004,2019
13053,GA,Chattahoochee County,2004,2019
13055,GA,Chattooga County,2004,2019
13057,GA,Cherokee County,2004,2019
13059,GA,Clarke County,2004,2019
13061,GA,Clay County,2004,2019
13063,GA,Clayton County,2004,2019
13065,GA,Clinch County,2004,2019
13067,GA,Cobb County,2004,2019
13069,GA,Coffee County,2004,2019
13071,GA,Colquitt County,2004,2019
13073,GA,Columbia County,2004,2019
13075,GA,Cook County,2004,2019
13077,GA,Coweta County,2004,2019
13079,GA,Crawford County,2004,2019
13081,GA,Crisp County,2004,2019
13083,GA,Dade County,2004,2019
13085,GA,Dawson County,2004,2019
13087,GA,Decatur County,2004,2019
13089,GA,DeKalb County,2004,2019
13091,GA,Dodge County,2004,2019
13093,GA,Dooly County,2004,2019
13095,GA,Dougherty County,2004,2019
13097,GA,Douglas County,2004,2019
13099,GA,Early County,2004,2019
13101,GA,Echols County,2004,2019
13103,GA,Effingham County,2004,2019
13105,GA,Elbert County,2004,2019
13107,GA,Emanuel County,2004,2019
13109,GA,Evans County,2004,2019
13111,GA,Fannin County,2004,2019
13113,GA,Fayette County,2004,2019
13115,GA,Floyd County,2004,2019
13117,GA,Forsyth County,2004,2019
13119,GA,Franklin County,2004,2019
13121,GA,Fulton County,2004,2019
13123,GA,Gilmer County,2004,2019
13125,GA,Glascock County,2004,2019
13127,GA,Glynn County,2004,2019
13129,GA,Gordon County,2004,2019
13131,GA,Grady County,2004,2019
13133,GA,Greene County,2004,2019
13135,GA,Gwinnett County,2004,2019
13137,GA,Habersham County,2004,2019
13139,GA,Hall County,2004,2019
13141,GA,Hancock County,2004,2019
13143,GA,Haralson County,2004,2019
13145,GA,Harris County,2004,2019
13147,GA,Hart County,2004,2019
13149,GA,Heard County,2004,2019
13151,GA,Henry County,2004,2019
13153,GA,Houston County,2004,2019
13155,GA,Irwin County,2004,2019
13157,GA,Jackson County,2004,2019
13159,GA,Jasper County,2004,2019
13161,GA,Jeff Davis County,2004,2019
13163,GA,Jefferson County,2004,2019
13165,GA,Jenkins County,2004,2019
13167,GA,Johnson County,2004,2019
13169,GA,Jones County,2004,2019
13171,GA,Lamar County,2004,2019
13173,GA,Lanier County,2004,2019
13175,GA,Laurens County,2004,2019
13177,GA,Lee County,2004,2019
13179,GA,Liberty County,2004,2019
13181,GA,Lincoln County,2004,2019
13183,GA,Long County,2004,2019
13185,GA,Lowndes County,2004,2019
13187,GA,Lumpkin County,2004,2019
13189,GA,McDuffie County,2004,2019
13191,GA,McIntosh County,2004,2019
13193,GA,Macon County,2004,2019
13195,GA,Madison County,2004,2019
13197,GA,Marion County,2004,2019
13199,GA,Meriwether County,2004,2019
13201,GA,Miller County,2004,2019
13205,GA,Mitchell County,2004,2019
13207,GA,Monroe County,2004,2019
13209,GA,Montgomery County,2004,2019
13211,GA,Morgan County,2004,2019
13213,GA,Murray County,2004,2019
13215,GA,Muscogee County,2004,2019
13217,GA,Newton County,2004,2019
13219,GA,Oconee County,2004,2019
13221,GA,Oglethorpe County,2004,2019
13223,GA,Paulding County,2004,2019
13225,GA,Peach County,2004,2019
13227,GA,Pickens County,2004,2019
13229,GA,Pierce County,2004,2019
13231,GA,Pike County,2004,2019
13233,GA,Polk County,2004,2019
13235,GA,Pulaski County,2004,2019
13237,GA,Putnam County,2004,2019
13239,GA,Quitman County,2004,2019
13241,GA,Rabun County,2004,2019
13243,GA,Randolph County,2004,2019
13245,GA,Richmond County,2004,2019
13247,GA,Rockdale County,2004,2019
13249,GA,Schley County,2004,2019
13251,GA,Screven County,2004,2019
13253,GA,Seminole County,2004,2019
13255,GA,Spalding County,2004,2019
13257,GA,Stephens County,2004,2019
13259,GA,Stewart County,2004,2019
13261,GA,Sumter County,2004,2019
13263,GA,Talbot County,2004,2019
13265,GA,Taliaferro County,2004,2019
13267,GA,Tattnall County,2004,2019
13269,GA,Taylor County,2004,2019
13271,GA,Telfair County,2004,2019
13273,GA,Terrell County,2004,2019
13275,GA,Thomas County,2004,2019
13277,GA,Tift County,2004,2019
13279,GA,Toombs County,2004,2019
13281,GA,Towns County,2004,2019
13283,GA,Treutlen County,2004,2019
13285,GA,Troup County,2004,2019
13287,GA,Turner County,2004,2019
13289,GA,Twiggs County,2004,2019
13291,GA,Union County,2004,2019
13293,GA,Upson County,2004,2019
13295,GA,Walker County,2004,2019
13297,GA,Walton County,2004,2019
13299,GA,Ware County,2004,2019
13301,GA,Warren County,2004,2019
13303,GA,Washington County,2004,2019
13305,GA,Wayne County,2004,2019
13307,GA,Webster County,2004,2019
13309,GA,Wheeler County,2004,2019
13311,GA,White County,2004,2019
13313,GA,Whitfield County,2004,2019
13315,GA,Wilcox County,2004,2019
13317,GA,Wilkes County,2004,2019
13319,GA,Wilkinson County,2004,2019
13321,GA,Worth County,2004,2019
24001,MD,Allegany County,2004,2019
24003,MD,Anne Arundel County,2004,2019
24005,MD,Baltimore County,2004,2019
24009,MD,Calvert County,2004,2019
24011,MD,Caroline County,2004,2019
24013,MD,Carroll County,2004,2019
24015,MD,Cecil County,2004,2019
24017,MD,Charles County,2004,2019
24019,MD,Dorchester County,2004,2019
24021,MD,Frederick County,2004,2019
24023,MD,Garrett County,2004,2019
24025,MD,Harford County,2004,2019
24027,MD,Howard County,2004,2019
24029,MD,Kent County,2004,2019
24031,MD,Montgomery County,2004,2019
24033,MD,Prince George's County,2004,2019
24035,MD,Queen Anne's County,2004,2019
24037,MD,St. Mary's County,2004,2019
24039,MD,Somerset County,2004,2019
24041,MD,Talbot County,2004,2019
24043,MD,Washington County,2004,2019
24045,MD,Wicomico County,2004,2019
24047,MD,Worcester County,2004,2019
24510,MD,Baltimore city,2004,2019
27001,MN,Aitkin County,2004,2019
27003,MN,Anoka County,2004,2019
27005,MN,Becker County,2004,2019
27007,MN,Beltrami County,2004,2019
27009,MN,Benton County,2004,2019
27011,MN,Big Stone County,2004,2019
27013,MN,Blue Earth County,2004,2019
27015,MN,Brown County,2004,2019
27017,MN,Carlton County,2004,2019
27019,MN,Carver County,2004,2019
27021,MN,Cass County,2004,2019
27023,MN,Chippewa County,2004,2019
27025,MN,Chisago County,2004,2019
27027,MN,Clay County,2004,2019
27029,MN,Clearwater County,2004,2019
27031,MN,Cook County,2004,2019
27033,MN,Cottonwood County,2004,2019
27035,MN,Crow Wing County,2004,2019
27037,MN,Dakota County,2004,2019
27039,MN,Dodge County,2004,2019
27041,MN,Douglas County,2004,2019
27043,MN,Faribault County,2004,2019
27045,MN,Fillmore County,2004,2019
27047,MN,Freeborn County,2004,2019
27049,MN,Goodhue County,2004,2019
27051,MN,Grant County,2004,2019
27053,MN,Hennepin County,2004,2019
27055,MN,Houston County,2004,2019
27057,MN,Hubbard County,2004,2019
27059,MN,Isanti County,2004,2019
27061,MN,Itasca County,2004,2019
27063,MN,Jackson County,2004,2019
27065,MN,Kanabec County,2004,2019
27067,MN,Kandiyohi County,2004,2019
27069,MN,Kittson County,2004,2019
27071,MN,Koochiching County,2004,2019
27073,MN,Lac qui Parle County,2004,2019
27075,MN,Lake County,2004,2019
27077,MN,Lake of the Woods County,2004,2019
27079,MN,Le Sueur County,2004,2019
27081,MN,Lincoln County,2004,2019
27083,MN,Lyon County,2004,2019
27085,MN,McLeod County,2004,2019
27087,MN,Mahnomen County,2004,2019
27089,MN,Marshall County,2004,2019
27091,MN,Martin County,2004,2019
27093,MN,Meeker County,2004,2019
27095,MN,Mille Lacs County,2004,2019
27097,MN,Morrison County,2004,2019
27099,MN,Mower County,2004,2019
27101,MN,Murray County,2004,2019
27103,MN,Nicollet County,2004,2019
27105,MN,Nobles County,2004,2019
27107,MN,Norman County,2004,2019
27109,MN,Olmsted County,2004,2019
27111,MN,Otter Tail County,2004,2019
27113,MN,Pennington County,2004,2019
27115,MN,Pine County,2004,2019
27117,MN,Pipestone County,2004,2019
27119,MN,Polk County,2004,2019
27121,MN,Pope County,2004,2019
27123,MN,Ramsey County,2004,2019
27125,MN,Red Lake County,2004,2019
27127,MN,Redwood County,2004,2019
27129,MN,Renville County,2004,2019
27131,MN,Rice County,2004,2019
27133,MN,Rock County,2004,2019
27135,MN,Roseau County,2004,2019
27137,MN,St. Louis County,2004,2019
27139,MN,Scott County,2004,2019
27141,MN,Sherburne County,2004,2019
27143,MN,Sibley County,2004,2019
27145,MN,Stearns County,2004,2019
27147,MN,Steele County,2004,2019
27149,MN,Stevens County,2004,2019
27151,MN,Swift County,2004,2019
27153,MN,Todd County,2004,2019
27155,MN,Traverse County,2004,2019
27157,MN,Wabasha County,2004,2019
27159,MN,Wadena County,2004,2019
27161,MN,Waseca County,2004,2019
27163,MN,Washington County,2004,2019
27165,MN,Watonwan County,2004,2019
27167,MN,Wilkin County,2004,2019
27169,MN,Winona County,2004,2019
27171,MN,Wright County,2004,2019
27173,MN,Yellow Medicine County,2004,2019
35001,NM,Bernalillo County,2004,2019
35003,NM,Catron County,2004,2019
35005,NM,Chaves County,2004,2019
35006,NM,Cibola County,2004,2019
35007,NM,Colfax County,2004,2019
35009,NM,Curry County,2004,2019
35011,NM,De Baca County,2004,2019
35013,NM,Doña Ana County,2004,2019
35015,NM,Eddy County,2004,2019
35017,NM,Grant County,2004,2019
35019,NM,Guadalupe County,2004,2019
35021,NM,Harding County,2004,2019
35023,NM,Hidalgo County,2004,2019
35025,NM,Lea County,2004,2019
35027,NM,Lincoln County,2004,2019
35028,NM,Los Alamos County,2004,2019
35029,NM,Luna County,2004,2019
35031,NM,McKinley County,2004,2019
35033,NM,Mora County,2004,2019
35035,NM,Otero County,2004,2019
35037,NM,Quay County,2004,2019
35039,NM,Rio Arriba County,2004,2019
35041,NM,Roosevelt County,2004,2019
35043,NM,Sandoval County,2004,2019
35045,NM,San Juan County,2004,2019
35047,NM,San Miguel County,2004,2019
35049,NM,Santa Fe County,2004,2019
35051,NM,Sierra County,2004,2019
35053,NM,Socorro County,2004,2019
35055,NM,Taos County,2004,2019
35057,NM,Torrance County,2004,2019
35059,NM,Union County,2004,2019
35061,NM,Valencia County,2004,2019
36001,NY,Albany County,2004,2019
36003,NY,Allegany County,2004,2019
36009,NY,Cattaraugus County,2004,2019
36013,NY,Chautauqua County,2004,2019
36015,NY,Chemung County,2004,2019
36019,NY,Clinton County,2004,2019
36021,NY,Columbia County,2004,2019
36025,NY,Delaware County,2004,2019
36029,NY,Erie County,2004,2019
36031,NY,Essex County,2004,2019
36033,NY,Franklin County,2004,2019
36035,NY,Fulton County,2004,2019
36037,NY,Genesee County,2004,2019
36039,NY,Greene County,2004,2019
36041,NY,Hamilton County,2004,2019
36051,NY,Livingston County,2004,2019
36055,NY,Monroe County,2004,2019
36057,NY,Montgomery County,2004,2019
36063,NY,Niagara County,2004,2019
36069,NY,Ontario County,2004,2019
36073,NY,Orleans County,2004,2019
36077,NY,Otsego County,2004,2019
36083,NY,Rensselaer County,2004,2019
36091,NY,Saratoga County,2004,2019
36093,NY,Schenectady County,2004,2019
36095,NY,Schoharie County,2004,2019
36097,NY,Schuyler County,2004,2019
36099,NY,Seneca County,2004,2019
36101,NY,Steuben County,2004,2019
36113,NY,Warren County,2004,2019
36115,NY,Washington County,2004,2019
36117,NY,Wayne County,2004,2019
36121,NY,Wyoming County,2004,2019
36123,NY,Yates County,2004,2019
41001,OR,Baker County,2004,2019
41003,OR,Benton County,2004,2019
41005,OR,Clackamas County,2004,2019
41007,OR,Clatsop County,2004,2019
41009,OR,Columbia County,2004,2019
41011,OR,Coos County,2004,2019
41013,OR,Crook County,2004,2019
41015,OR,Curry County,2004,2019
41017,OR,Deschutes County,2004,2019
41019,OR,Douglas County,2004,2019
41021,OR,Gilliam County,2004,2019
41023,OR,Grant County,2004,2019
41025,OR,Harney County,2004,2019
41027,OR,Hood River County,2004,2019
41029,OR,Jackson County,2004,2019
41031,OR,Jefferson County,2004,2019
41033,OR,Josephine County,2004,2019
41035,OR,Klamath County,2004,2019
41037,OR,Lake County,2004,2019
41039,OR,Lane County,2004,2019
41041,OR,Lincoln County,2004,2019
41043,OR,Linn County,2004,2019
41045,OR,Malheur County,2004,2019
41047,OR,Marion County,2004,2019
41049,OR,Morrow County,2004,2019
41051,OR,Multnomah County,2004,2019
41053,OR,Polk County,2004,2019
41055,OR,Sherman County,2004,2019
41057,OR,Tillamook County,2004,2019
41059,OR,Umatilla County,2004,2019
41061,OR,Union County,2004,2019
41063,OR,Wallowa County,2004,2019
41065,OR,Wasco County,2004,2019
41067,OR,Washington County,2004,2019
41069,OR,Wheeler County,2004,2019
41071,OR,Yamhill County,2004,2019
47001,TN,Anderson County,2004,2019
47003,TN,Bedford County,2004,2019
47005,TN,Benton County,2004,2019
47007,TN,Bledsoe County,2004,2019
47009,TN,Blount County,2004,2019
47011,TN,Bradley County,2004,2019
47013,TN,Campbell County,2004,2019
47015,TN,Cannon County,2004,2019
47017,TN,Carroll County,2004,2019
47019,TN,Carter County,2004,2019
47021,TN,Cheatham County,2004,2019
47023,TN,Chester County,2004,2019
47025,TN,Claiborne County,2004,2019
47027,TN,Clay County,2004,2019
47029,TN,Cocke County,2004,2019
47031,TN,Coffee County,2004,2019
47033,TN,Crockett County,2004,2019
47035,TN,Cumberland County,2004,2019
47037,TN,Davidson County,2004,2019
47039,TN,Decatur County,2004,2019
47041,TN,DeKalb County,2004,2019
47043,TN,Dickson County,2004,2019
47045,TN,Dyer County,2004,2019
47047,TN,Fayette County,2004,2019
47049,TN,Fentress County,2004,2019
47051,TN,Franklin County,2004,2019
47053,TN,Gibson County,2004,2019
47055,TN,Giles County,2004,2019
47057,TN,Grainger County,2004,2019
47059,TN,Greene County,2004,2019
47061,TN,Grundy County,2004,2019
47063,TN,Hamblen County,2004,2019
47065,TN,Hamilton County,2004,2019
47067,TN,Hancock County,2004,2019
47069,TN,Hardeman County,2004,2019
47071,TN,Hardin County,2004,2019
47073,TN,Hawkins County,2004,2019
47075,TN,Haywood County,2004,2019
47077,TN,Henderson County,2004,2019
47079,TN,Henry County,2004,2019
47081,TN,Hickman County,2004,2019
47083,TN,Houston County,2004,2019
47085,TN,Humphreys County,2004,2019
47087,TN,Jackson County,2004,2019
47089,TN,Jefferson County,2004,2019
47091,TN,Johnson County,2004,2019
47093,TN,Knox County,2004,2019
47095,TN,Lake County,2004,2019
47097,TN,Lauderdale County,2004,2019
47099,TN,Lawrence County,2004,2019
47101,TN,Lewis County,2004,2019
47103,TN,Lincoln County,2004,2019
47105,TN,Loudon County,2004,2019
47107,TN,McMinn County,2004,2019
47109,TN,McNairy County,2004,2019
47111,TN,Macon County,2004,2019
47113,TN,Madison County,2004,2019
47115,TN,Marion County,2004,2019
47117,TN,Marshall County,2004,2019
47119,TN,Maury County,2004,2019
47121,TN,Meigs County,2004,2019
47123,TN,Monroe County,2004,2019
47125,TN,Montgomery County,2004,2019
47127,TN,Moore County,2004,2019
47129,TN,Morgan County,2004,2019
47131,TN,Obion County,2004,2019
47133,TN,Overton County,2004,2019
47135,TN,Perry County,2004,2019
47137,TN,Pickett County,2004,2019
47139,TN,Polk County,2004,2019
47141,TN,Putnam County,2004,2019
47143,TN,Rhea County,2004,2019
47145,TN,Roane County,2004,2019
47147,TN,Robertson County,2004,2019
47149,TN,Rutherford County,2004,2019
47151,TN,Scott County,2004,2019
47153,TN,Sequatchie County,2004,2019
47155,TN,Sevier County,2004,2019
47157,TN,Shelby County,2004,2019
47159,TN,Smith County,2004,2019
47161,TN,Stewart County,2004,2019
47163,TN,Sullivan County,2004,2019
47165,TN,Sumner County,2004,2019
47167,TN,Tipton County,2004,2019
47169,TN,Trousdale County,2004,2019
47171,TN,Unicoi County,2004,2019
47173,TN,Union County,2004,2019
47175,TN,Van Buren County,2004,2019
47177,TN,Warren County,2004,2019
47179,TN,Washington County,2004,2019
47181,TN,Wayne County,2004,2019
47183,TN,Weakley County,2004,2019
47185,TN,White County,2004,2019
47187,TN,Williamson County,2004,2019
47189,TN,Wilson County,2004,2019
